Deployment Leg,Sensor ID,DN Station ID,IMEI,Deployment Date,Deployment Datetime,First Data Datetime,Last Data Datetime,Active,Sampling Frequency (hh:mm),Re-deployed As,Formerly Deployed As,Buoy Type,Manufacturer,Model,PI,Data Authors
1,2019F4,CO1,300025060016190,2019-10-14,2019-10-14 06:08:00,2019-10-14 06:08:24,2020-03-11 02:12:28,0,03:00,,,Flux Buoy,Naval Postgraduate School,Autonomous Ocean Flux Buoy,Stanton,Tim Stanton; Bill Shaw
1,2019I4,CO1,300434063382860,2019-10-21,2019-10-21 00:47:00,2019-10-21 00:51:24,2020-05-14 16:01:49,0,04:00,,,Seasonal IMB,CryoInn,SIMB3,Perovich,Ryleigh Moore; Don Perovich
1,2019P153,CO1,300234068210190,2019-10-10,2019-10-10 02:00:00,2019-10-10 02:00:00,2019-10-29 02:00:00,0,01:00,2020P224; 2020P227,,SVP,MetOcean Telematics,SVP-I-XXGS-LP,Lei,Ruibo Lei; Guangyu Zuo; Marcel Nicolaus; Julia Regnery; Mario Hoppmann; Jennifer Hutchings
1,2019P161,CO1,300234068118580,2019-10-21,2019-10-21 06:18:00,2019-10-21 07:00:00,2019-11-15 03:00:00,0,01:00,2020P226,,SVP,MetOcean Telematics,SVP-I-XXGS-LP,Lei,Ruibo Lei; Guangyu Zuo; Marcel Nicolaus; Julia Regnery; Mario Hoppmann; Jennifer Hutchings
1,ASFSTUCB1,CO1,ASFSTUCB,2019-10-24,2019-10-24 00:06:00,2019-10-24 00:10:00,2020-05-10 08:20:01,0,00:10,ASFSTUCB2; ASFSTUCB3,,Atmospheric Surface Flux Station,Hemisphere,GPS Compass V102,Shupe,Matthew D Shupe; Ola Persson; Christopher J Cox; Michael Gallagher; Taneil Uttal; Jennifer Hutchings; Sara M Morris; Dave Costa; Jackson Osborn
1,2019F1,L1,300025060203170,2019-10-05,2019-10-05 05:15:00,2019-10-05 09:34:29,2020-03-15 16:27:28,0,03:00,,,Flux Buoy,Naval Postgraduate School,Autonomous Ocean Flux Buoy,Stanton,Tim Stanton; Bill Shaw
1,2019I1,L1,300434063386850,2019-10-05,2019-10-05 05:10:00,2019-10-07 08:02:27,2020-03-16 00:03:11,0,04:00,,,Seasonal IMB,CryoInn,SIMB3,Perovich,Ryleigh Moore; Don Perovich
1,2019R8,L1,300025060111910,2019-10-07,2019-10-07 04:40:00,2019-10-07 05:01:37,2020-08-03 03:01:22,0,01:00,,,Radiation Station,Bruncin,Radiation Station,Hoppmann,Marcel Nicolaus; Hans Jakob Belter; Jan Rohde; Mario Hoppmann; Ran Tao; Christian Katlein
1,2019S92,L1,300234066080170,2019-10-05,2019-10-05 05:09:00,2019-10-14 07:00:00,2019-11-26 17:00:00,0,01:00,,,Snow Buoy,MetOcean Telematics,ICEB-I-TBAS-SH-A,Nicolaus,Marcel Nicolaus; Hans Jakob Belter; Jan Rohde; Mario Hoppmann
1,2019T67,L1,300234068704730,2019-10-05,2019-10-05 01:00:00,2019-10-05 05:31:34,2020-08-06 09:00:16,0,00:30,2020T85,,Thermistor,SAMS Enterprise Ltd,SIMBA V7,Lei,Ruibo Lei; Bin Cheng; Mario Hoppmann; Guangyu Zuo
1,2019W4,L1,300125060219720,2019-10-10,2019-10-05 05:02:00,2019-10-05 08:00:47,2019-11-27 13:31:12,0,00:30,,,ITP,Woods Hole Oceanographic Institution,Ice-Tethered Profiler,Krishfield,John Toole; Rick Krishfield
1,ASFS40UCB1,L1,ASFS40UCB,2019-10-05,2019-10-05 08:27:00,2019-10-05 23:40:00,2020-02-27 03:30:00,0,00:10,,,Atmospheric Surface Flux Station,Hemisphere,GPS Compass V102,Shupe,Matthew D Shupe; Ola Persson; Christopher J Cox; Michael Gallagher; Taneil Uttal; Jennifer Hutchings; Sara M Morris; Dave Costa; Jackson Osborn
1,2019F2,L2,300025060013160,2019-10-07,2019-10-07 05:16:00,2019-10-10 04:50:23,2020-08-04 05:40:06,0,02:00,2019F5,,Flux Buoy,Naval Postgraduate School,Autonomous Ocean Flux Buoy,Stanton,Tim Stanton; Bill Shaw
1,2019I2,L2,300434063384820,2019-10-07,2019-10-07 05:43:00,2019-10-10 08:01:18,2020-02-03 12:07:34,0,04:00,,,Seasonal IMB,CryoInn,SIMB3,Perovich,Ryleigh Moore; Don Perovich
1,2019R9,L2,300025060015720,2019-10-07,2019-10-07 05:24:00,2019-10-07 06:01:42,2020-06-17 14:06:52,0,01:00,,,Radiation Station,Bruncin,Radiation Station,Hoppmann,Marcel Nicolaus; Hans Jakob Belter; Jan Rohde; Mario Hoppmann; Ran Tao; Christian Katlein
1,2019S93,L2,300234066081140,2019-10-07,2019-10-07 05:21:00,2019-10-14 07:01:00,2020-08-02 15:02:01,0,01:00,2020S107,,Snow Buoy,MetOcean Telematics,ICEB-I-TBAS-SH-A,Nicolaus,Marcel Nicolaus; Hans Jakob Belter; Mario Hoppmann
1,2019T63,L2,300234068709320,2019-10-07,2019-10-07 01:00:00,2019-10-07 01:00:14,2020-08-09 16:30:16,0,00:30,,,Thermistor,SAMS Enterprise Ltd,SIMBA V7,Lei,Ruibo Lei; Bin Cheng; Mario Hoppmann; Guangyu Zuo
1,2019T65,L2,300234068705730,2019-10-07,2019-10-07 03:00:00,2019-10-07 03:00:14,2020-08-03 00:00:13,0,00:30,,,Thermistor,SAMS Enterprise Ltd,SIMBA V7,Lei,Ruibo Lei; Bin Cheng; Mario Hoppmann; Guangyu Zuo
1,2019W2,L2,300025010524990,2019-10-07,2019-10-07 05:20:00,2019-10-07 06:00:29,2020-08-18 05:01:46,0,01:00,,,ITP,Woods Hole Oceanographic Institution,Ice-Tethered Profiler,Krishfield,Benjamin Rabe; Mario Hoppmann; John Toole; Rick Krishfield
1,ASFS30UCB1,L2,ASFS30UCB,2019-10-07,2019-10-07 09:33:00,2019-10-07 09:40:00,2020-02-24 09:00:00,0,00:10,ASFS30UCB2; ASFS30UCB3; ASFS30UCB4; ASFS30UCB5,,Atmospheric Surface Flux Station,Hemisphere,GPS Compass V102,Shupe,Matthew D Shupe; Ola Persson; Christopher J Cox; Michael Gallagher; Taneil Uttal; Jennifer Hutchings; Sara M Morris; Dave Costa; Jackson Osborn
1,2019F3,L3,300025060016600,2019-10-10,2019-10-10 04:48:00,2019-10-10 04:50:23,2020-02-03 07:53:43,0,02:00,,,Flux Buoy,Naval Postgraduate School,Autonomous Ocean Flux Buoy,Stanton,Tim Stanton; Bill Shaw
1,2019I3,L3,300434063387850,2019-10-10,2019-10-10 04:54:00,2019-10-10 08:02:25,2020-07-30 12:39:46,0,04:00,,,Seasonal IMB,CryoInn,SIMB3,Perovich,Ryleigh Moore; Don Perovich
1,2019M30,L3,300025060314090,2019-10-10,2019-10-10 06:00:00,2019-10-10 06:00:29,2020-04-10 14:07:36,0,01:00,,,IMBFlex,Bruncin,IMBFlex,Hoppmann,Mario Hoppmann
1,2019S94,L3,300234066081170,2019-10-10,2019-10-10 06:00:00,2019-10-14 07:00:00,2020-08-07 14:00:01,0,01:00,2020S108,,Snow Buoy,MetOcean Telematics,ICEB-I-TBAS-SH-A,Nicolaus,Marcel Nicolaus; Mario Hoppmann
1,2019T70,L3,300234068705280,2019-10-09,2019-10-09 01:00:00,2019-10-09 05:48:03,2020-08-08 10:00:15,0,02:00,,,Thermistor,SAMS Enterprise Ltd,SIMBA V7,Lei,Bin Cheng; Ruibo Lei; Mario Hoppmann; Guangyu Zuo
1,2019W3,L3,300025010247950,2019-10-10,2019-10-10 04:41:00,2019-10-10 05:01:01,2020-08-07 12:45:47,0,00:15,,,ITP,Woods Hole Oceanographic Institution,Ice-Tethered Profiler,Krishfield,Sylvia Cole; John Toole; Rick Krishfield
1,ASFS50UCB1,L3,ASFS50UCB,2019-10-10,2019-10-10 08:21:00,2019-10-10 08:30:00,2020-02-05 03:00:00,0,00:10,ASFS50UCB2; ASFS50UCB3; ASFS50UCB4,,Atmospheric Surface Flux Station,Hemisphere,GPS Compass V102,Shupe,Matthew D Shupe; Ola Persson; Christopher J Cox; Michael Gallagher; Taneil Uttal; Jennifer Hutchings; Sara M Morris; Dave Costa; Jackson Osborn
1,2019S96,LM,300234066083120,2019-10-29,2019-10-29 01:45:00,2019-10-29 02:00:00,2020-08-01 09:59:59,0,00:10,2020S106,,Snow Buoy,MetOcean Telematics,ICEB-I-TBAS-SH-A,Nicolaus,Marcel Nicolaus; Mario Hoppmann; Ruibo Lei
1,2019T62,LM,300234068706290,2019-10-19,2019-10-29 00:45:00,2019-10-29 01:43:34,2020-08-01 09:30:14,0,00:30,2020T82,,Thermistor,SAMS Enterprise Ltd,SIMBA V7,Lei,Ruibo Lei; Bin Cheng; Mario Hoppmann; Guangyu Zuo
1,2019T66,LM,300234068706330,2019-10-29,2019-10-29 01:45:00,2019-10-29 02:11:33,2020-08-14 09:00:13,0,00:30,,,Thermistor,SAMS Enterprise Ltd,SIMBA V7,Lei,Ruibo Lei; Bin Cheng; Mario Hoppmann; Guangyu Zuo
1,2019O1,M1,300234068066320,2019-10-05,2019-10-05 04:40:00,2019-10-05 04:40:00,2020-08-05 07:50:00,0,00:10,2020O10,,CTD,PacificGyre IT,SVP5S,Fang,Mario Hoppmann; Ivan Kuznetsov; Benjamin Rabe; Ying-Chih Fang
1,2019S84,M1,300234065725000,2019-10-05,2019-10-05 04:00:00,2019-10-05 04:11:00,2020-05-27 02:00:00,0,01:00,,,Snow Buoy,MetOcean Telematics,ICEB-I-TBAS-SH-A,Nicolaus,Marcel Nicolaus; Ying-Chih Fang; Mario Hoppmann
1,2019T68,M1,300234068708330,2019-10-05,2019-10-05 05:30:00,2019-10-05 06:00:12,2020-08-05 12:00:13,0,02:00,,,Thermistor,SAMS Enterprise Ltd,SIMBA V7,Lei,Bin Cheng; Ruibo Lei; Mario Hoppmann; Guangyu Zuo
1,2019V1,M1,300234067068380,2019-10-05,2019-10-05 05:17:00,2019-10-05 13:07:11,2020-05-09 07:58:08,0,01:00,,,DTOP Ocean Profiler,Tianjin Yuanxun Technology Co. Ltd.,DTOP Ocean Profiler,Li,Tao Li; Jialiang Zhu
1,2019O2,M2,300234068160720,2019-10-07,2019-10-07 02:30:00,2019-10-07 02:40:00,2019-11-22 15:33:30,0,00:10,,,CTD,PacificGyre IT,SVP5S,Fang,Mario Hoppmann; Ivan Kuznetsov; Benjamin Rabe; Ying-Chih Fang
1,2019S79,M2,300234066344810,2019-10-07,2019-10-07 02:00:00,2019-10-14 07:01:00,2019-11-28 08:02:00,0,01:00,,,Snow Buoy,MetOcean Telematics,ICEB-I-TBAS-SH-A,Nicolaus,Marcel Nicolaus; Ying-Chih Fang; Mario Hoppmann
1,2019T57,M2,300234065177750,2019-10-07,2019-10-07 02:00:00,2019-10-07 04:00:09,2020-01-18 02:00:12,0,02:00,,,Thermistor,SAMS Enterprise Ltd,SIMBA V7,Lei,Bin Cheng; Ruibo Lei; Mario Hoppmann; Guangyu Zuo
1,2019V2,M2,300234067064490,2019-10-07,2019-10-07 03:22:00,2019-10-07 11:09:55,2020-08-09 22:58:08,0,01:00,,,DTOP Ocean Profiler,Tianjin Yuanxun Technology Co. Ltd.,DTOP Ocean Profiler,Li,Tao Li; Jialiang Zhu
1,2019O3,M3,300234068164710,2019-10-07,2019-10-07 07:10:00,2019-10-07 07:10:00,2020-08-03 12:59:59,0,00:10,,,CTD,PacificGyre IT,SVP5S,Fang,Mario Hoppmann; Ivan Kuznetsov; Benjamin Rabe; Ying-Chih Fang
1,2019S81,M3,300234066444880,2019-10-07,2019-10-07 06:30:00,2019-10-14 08:01:00,2020-08-03 15:01:01,0,01:00,,,Snow Buoy,MetOcean Telematics,ICEB-I-TBAS-SH-A,Nicolaus,Marcel Nicolaus; Ying-Chih Fang; Mario Hoppmann
1,2019T59,M3,300234065170760,2019-10-07,2019-10-07 07:30:00,2019-10-07 07:38:55,2020-08-14 12:00:13,0,02:00,,,Thermistor,SAMS Enterprise Ltd,SIMBA V7,Lei,Bin Cheng; Ruibo Lei; Mario Hoppmann; Guangyu Zuo
1,2019V3,M3,300234067064370,2019-10-07,2019-10-07 08:05:00,2019-10-07 15:52:41,2020-08-03 14:58:07,0,01:00,,,DTOP Ocean Profiler,Tianjin Yuanxun Technology Co. Ltd.,DTOP Ocean Profiler,Li,Tao Li; Jialiang Zhu
1,2019O4,M4,300234068166760,2019-10-08,2019-10-08 01:30:00,2019-10-08 01:30:00,2020-08-14 08:25:01,0,00:10,,,CTD,PacificGyre IT,SVP5S,Fang,Mario Hoppmann; Ivan Kuznetsov; Benjamin Rabe; Ying-Chih Fang
1,2019S80,M4,300234066346540,2019-10-08,2019-10-08 01:00:00,2019-10-14 08:01:00,2019-11-02 17:03:00,0,01:00,,,Snow Buoy,MetOcean Telematics,ICEB-I-TBAS-SH-A,Nicolaus,Marcel Nicolaus; Ying-Chih Fang; Mario Hoppmann
1,2019T58,M4,300234065171790,2019-10-08,2019-10-08 01:00:00,2019-10-08 01:08:56,2020-08-13 19:00:12,0,02:00,,,Thermistor,SAMS Enterprise Ltd,SIMBA V7,Lei,Bin Cheng; Ruibo Lei; Mario Hoppmann; Guangyu Zuo
1,2019O5,M5,300234068169760,2019-10-09,2019-10-09 01:20:00,2019-10-09 02:50:00,2020-07-12 15:50:01,0,00:10,,,CTD,PacificGyre IT,SVP5S,Fang,Mario Hoppmann; Ivan Kuznetsov; Benjamin Rabe; Ying-Chih Fang
1,2019S87,M5,300234067009210,2019-10-09,2019-10-09 01:00:00,2019-10-14 07:01:00,2020-04-13 06:00:00,0,01:00,,,Snow Buoy,MetOcean Telematics,ICEB-I-TBAS-SH-A,Nicolaus,Marcel Nicolaus; Ying-Chih Fang; Mario Hoppmann
1,2019T72,M5,300234068700290,2019-10-09,2019-10-09 01:00:00,2019-10-09 04:00:11,2020-04-28 02:00:13,0,02:00,,,Thermistor,SAMS Enterprise Ltd,SIMBA V7,Lei,Bin Cheng; Ruibo Lei; Mario Hoppmann; Guangyu Zuo
1,2019V4,M5,300234067066520,2019-10-09,2019-10-09 04:00:00,2019-10-09 11:09:38,2020-08-17 19:58:08,0,01:00,,,DTOP Ocean Profiler,Tianjin Yuanxun Technology Co. Ltd.,DTOP Ocean Profiler,Li,Tao Li; Jialiang Zhu
1,2019O6,M6,300234068514740,2019-10-10,2019-10-10 03:10:00,2019-10-10 03:10:00,2020-08-13 14:54:59,0,00:10,,,CTD,PacificGyre IT,SVP5S,Fang,Mario Hoppmann; Ivan Kuznetsov; Benjamin Rabe; Ying-Chih Fang
1,2019S86,M6,300234066995900,2019-10-10,2019-10-10 02:30:00,2019-10-14 07:00:00,2020-08-13 14:00:01,0,01:00,,,Snow Buoy,MetOcean Telematics,ICEB-I-TBAS-SH-A,Nicolaus,Marcel Nicolaus; Ying-Chih Fang; Mario Hoppmann
1,2019T64,M6,300234068701300,2019-10-10,2019-10-10 03:30:00,2019-10-10 03:31:11,2020-08-13 12:00:16,0,00:30,,,Thermistor,SAMS Enterprise Ltd,SIMBA V7,Lei,Ruibo Lei; Bin Cheng; Mario Hoppmann; Guangyu Zuo
1,2019O7,M7,300234068519770,2019-10-11,2019-10-11 02:20:00,2019-10-11 02:20:00,2019-10-25 20:20:00,0,00:10,,,CTD,PacificGyre IT,SVP5S,Fang,Mario Hoppmann; Ivan Kuznetsov; Benjamin Rabe; Ying-Chih Fang
1,2019S95,M7,300234066081180,2019-10-11,2019-10-11 02:00:00,2019-10-14 07:00:00,2019-10-17 10:01:00,0,01:00,,,Snow Buoy,MetOcean Telematics,ICEB-I-TBAS-SH-A,Nicolaus,Marcel Nicolaus; Ying-Chih Fang; Mario Hoppmann
1,2019T71,M7,300234068706760,2019-10-11,2019-10-11 03:00:00,2019-10-11 04:00:14,2019-11-05 12:00:14,0,02:00,,,Thermistor,SAMS Enterprise Ltd,SIMBA V7,Lei,Bin Cheng; Ruibo Lei; Mario Hoppmann; Guangyu Zuo
1,2019O8,M8,300234068713430,2019-10-11,2019-10-11 01:10:00,2019-10-11 01:10:00,2019-10-26 04:00:00,0,00:10,,,CTD,PacificGyre IT,SVP5S,Fang,Mario Hoppmann; Ivan Kuznetsov; Benjamin Rabe; Ying-Chih Fang
1,2019S90,M8,300234062788470,2019-10-11,2019-10-11 01:00:00,2019-10-11 01:00:00,2019-10-25 19:04:00,0,01:00,,,Snow Buoy,MetOcean Telematics,ICEB-I-TBAS-SH-A,Nicolaus,Marcel Nicolaus; Hans Jakob Belter; Jan Rohde; Mario Hoppmann
1,2019T69,M8,300234068700320,2019-10-11,2019-10-11 02:00:00,2019-10-11 02:00:15,2020-09-29 13:00:15,0,02:00,,,Thermistor,SAMS Enterprise Ltd,SIMBA V7,Lei,Bin Cheng; Ruibo Lei; Mario Hoppmann; Guangyu Zuo
1,2019V5,M8,300234067061400,2019-10-11,2011-10-11 02:30:00,2019-10-11 09:02:35,2019-10-25 21:58:08,0,01:00,,,DTOP Ocean Profiler,Tianjin Yuanxun Technology Co. Ltd.,DTOP Ocean Profiler,Li,Tao Li; Jialiang Zhu
1,2019P207,P001,300234068918790,2019-10-10,2019-10-10 02:46:00,2019-10-10 03:00:26,2020-05-09 09:00:26,0,00:30,,,SVP,PacificGyre IT,Ice Tracker,Hutchings,Jennifer Hutchings; Daniel Watkins; Mario Hoppmann; Hans Jakob Belter; Vladimir Bessonov; Ruibo Lei; Anne Morgenstern; Tomasz Petrovsky; Jan Rohde; Vasily Smolyanitsky; Vladimir Sokolov; Anna Timofeeva; Thomas Krumpen
1,2019P204,P002,300234068916790,2019-10-10,2019-10-10 03:06:00,2019-10-10 03:30:26,2020-08-29 15:30:27,0,00:30,,,SVP,PacificGyre IT,Ice Tracker,Hutchings,Jennifer Hutchings; Daniel Watkins; Mario Hoppmann; Hans Jakob Belter; Vladimir Bessonov; Ruibo Lei; Anne Morgenstern; Tomasz Petrovsky; Jan Rohde; Vasily Smolyanitsky; Vladimir Sokolov; Anna Timofeeva; Thomas Krumpen
1,2019P205,P003,300234068916810,2019-10-09,2019-10-09 02:50:00,2019-10-09 03:00:26,2020-11-14 12:00:53,0,00:30,,,SVP,PacificGyre IT,Ice Tracker,Hutchings,Jennifer Hutchings; Daniel Watkins; Mario Hoppmann; Hans Jakob Belter; Vladimir Bessonov; Ruibo Lei; Anne Morgenstern; Tomasz Petrovsky; Jan Rohde; Vasily Smolyanitsky; Vladimir Sokolov; Anna Timofeeva; Thomas Krumpen
1,2019P197,P004,300234068911820,2019-10-04,2019-10-04 11:08:00,2019-10-04 11:30:26,2020-08-13 00:30:38,0,00:30,,,SVP,PacificGyre IT,Ice Tracker,Hutchings,Jennifer Hutchings; Daniel Watkins; Mario Hoppmann; Hans Jakob Belter; Vladimir Bessonov; Ruibo Lei; Anne Morgenstern; Tomasz Petrovsky; Jan Rohde; Vasily Smolyanitsky; Vladimir Sokolov; Anna Timofeeva; Thomas Krumpen
1,2019P201,P005,300234068912800,2019-10-10,2019-10-10 02:01:00,2019-10-10 03:30:25,2020-10-24 12:00:24,0,00:30,,,SVP,PacificGyre IT,Ice Tracker,Hutchings,Jennifer Hutchings; Daniel Watkins; Mario Hoppmann; Hans Jakob Belter; Vladimir Bessonov; Ruibo Lei; Anne Morgenstern; Tomasz Petrovsky; Jan Rohde; Vasily Smolyanitsky; Vladimir Sokolov; Anna Timofeeva; Thomas Krumpen
1,2019P208,P006,300234068918800,2019-10-09,2019-10-09 03:15:00,2019-10-09 05:00:28,2020-05-16 01:30:25,0,00:30,,,SVP,PacificGyre IT,Ice Tracker,Hutchings,Jennifer Hutchings; Daniel Watkins; Mario Hoppmann; Hans Jakob Belter; Vladimir Bessonov; Ruibo Lei; Anne Morgenstern; Tomasz Petrovsky; Jan Rohde; Vasily Smolyanitsky; Vladimir Sokolov; Anna Timofeeva; Thomas Krumpen
1,2019P202,P007,300234068912810,2019-10-09,2019-10-09 03:08:00,2019-10-09 05:00:26,2020-09-14 16:30:34,0,00:30,,,SVP,PacificGyre IT,Ice Tracker,Hutchings,Jennifer Hutchings; Daniel Watkins; Mario Hoppmann; Hans Jakob Belter; Vladimir Bessonov; Ruibo Lei; Anne Morgenstern; Tomasz Petrovsky; Jan Rohde; Vasily Smolyanitsky; Vladimir Sokolov; Anna Timofeeva; Thomas Krumpen
1,2019P142,P008,300234065981590,2019-10-05,2019-10-05 02:27:00,2019-10-07 01:30:00,2020-09-05 00:30:59,0,01:00,,,SVP,TUT,iSVP,Lei,Ruibo Lei; Guangyu Zuo; Mario Hoppmann; Daniel Watkins; Jennifer Hutchings
1,2019P209,P009,300234068919740,2019-10-09,2019-10-09 02:55:00,2019-10-09 03:30:28,2020-08-28 00:30:27,0,00:30,,,SVP,PacificGyre IT,Ice Tracker,Hutchings,Jennifer Hutchings; Daniel Watkins; Mario Hoppmann; Hans Jakob Belter; Vladimir Bessonov; Ruibo Lei; Anne Morgenstern; Tomasz Petrovsky; Jan Rohde; Vasily Smolyanitsky; Vladimir Sokolov; Anna Timofeeva; Thomas Krumpen
1,2019P199,P010,300234068911790,2019-10-06,2019-10-06 03:30:00,2019-10-06 04:00:27,2020-08-29 16:00:10,0,00:30,,,SVP,PacificGyre IT,Ice Tracker,Hutchings,Jennifer Hutchings; Daniel Watkins; Mario Hoppmann; Hans Jakob Belter; Vladimir Bessonov; Ruibo Lei; Anne Morgenstern; Tomasz Petrovsky; Jan Rohde; Vasily Smolyanitsky; Vladimir Sokolov; Anna Timofeeva; Thomas Krumpen
1,2019P193,P011,300234068125990,2019-10-07,2019-10-07 02:34:00,2019-10-07 03:00:26,2020-05-22 07:30:25,0,00:30,,,SVP,PacificGyre IT,Ice Tracker,Hutchings,Jennifer Hutchings; Daniel Watkins; Mario Hoppmann; Hans Jakob Belter; Vladimir Bessonov; Ruibo Lei; Anne Morgenstern; Tomasz Petrovsky; Jan Rohde; Vasily Smolyanitsky; Vladimir Sokolov; Anna Timofeeva; Thomas Krumpen
1,2019P195,P012,300234068225020,2019-10-06,2019-10-06 04:00:00,2019-10-06 04:30:27,2020-08-15 07:30:45,0,00:30,,,SVP,PacificGyre IT,Ice Tracker,Hutchings,Jennifer Hutchings; Daniel Watkins; Mario Hoppmann; Hans Jakob Belter; Vladimir Bessonov; Ruibo Lei; Anne Morgenstern; Tomasz Petrovsky; Jan Rohde; Vasily Smolyanitsky; Vladimir Sokolov; Anna Timofeeva; Thomas Krumpen
1,2019P138,P013,300234065980580,2019-10-05,2019-10-05 04:06:00,2019-10-06 07:30:00,2020-08-21 08:29:59,0,01:00,,,SVP,TUT,iSVP,Lei,Ruibo Lei; Guangyu Zuo; Mario Hoppmann; Daniel Watkins; Jennifer Hutchings
1,2019P188,P014,300234068121990,2019-10-07,2019-10-07 02:39:00,2019-10-07 03:30:30,2020-05-06 07:30:25,0,00:30,,,SVP,PacificGyre IT,Universal Tracker,Hutchings,Jennifer Hutchings; Daniel Watkins; Mario Hoppmann; Hans Jakob Belter; Vladimir Bessonov; Ruibo Lei; Anne Morgenstern; Tomasz Petrovsky; Jan Rohde; Vasily Smolyanitsky; Vladimir Sokolov; Anna Timofeeva; Thomas Krumpen
1,2019P190,P015,300234068220020,2019-10-07,2019-10-07 02:42:00,2019-10-07 03:00:26,2020-12-13 01:30:29,0,00:30,,,SVP,PacificGyre IT,Ice Tracker,Hutchings,Jennifer Hutchings; Daniel Watkins; Mario Hoppmann; Hans Jakob Belter; Vladimir Bessonov; Ruibo Lei; Anne Morgenstern; Tomasz Petrovsky; Jan Rohde; Vasily Smolyanitsky; Vladimir Sokolov; Anna Timofeeva; Thomas Krumpen
1,2019P206,P016,300234068917830,2019-10-07,2019-10-07 07:13:00,2019-10-07 08:00:26,2020-08-29 04:30:24,0,00:30,,,SVP,PacificGyre IT,Ice Tracker,Hutchings,Jennifer Hutchings; Daniel Watkins; Mario Hoppmann; Hans Jakob Belter; Vladimir Bessonov; Ruibo Lei; Anne Morgenstern; Tomasz Petrovsky; Jan Rohde; Vasily Smolyanitsky; Vladimir Sokolov; Anna Timofeeva; Thomas Krumpen
1,2019P196,P017,300234068226020,2019-10-07,2019-10-07 07:24:00,2019-10-07 08:00:26,2020-07-19 22:30:42,0,00:30,,,SVP,PacificGyre IT,Ice Tracker,Hutchings,Jennifer Hutchings; Daniel Watkins; Mario Hoppmann; Hans Jakob Belter; Vladimir Bessonov; Ruibo Lei; Anne Morgenstern; Tomasz Petrovsky; Jan Rohde; Vasily Smolyanitsky; Vladimir Sokolov; Anna Timofeeva; Thomas Krumpen
1,2019P198,P018,300234068910810,2019-10-07,2019-10-07 07:05:00,2019-10-07 08:30:32,2020-12-07 07:30:26,0,00:30,,,SVP,PacificGyre IT,Ice Tracker,Hutchings,Jennifer Hutchings; Daniel Watkins; Mario Hoppmann; Hans Jakob Belter; Vladimir Bessonov; Ruibo Lei; Anne Morgenstern; Tomasz Petrovsky; Jan Rohde; Vasily Smolyanitsky; Vladimir Sokolov; Anna Timofeeva; Thomas Krumpen
1,2019P203,P019,300234068915790,2019-10-07,2019-10-07 07:02:00,2019-10-07 08:30:26,2020-06-21 23:04:48,0,00:30,,,SVP,PacificGyre IT,Ice Tracker,Hutchings,Jennifer Hutchings; Daniel Watkins; Mario Hoppmann; Hans Jakob Belter; Vladimir Bessonov; Ruibo Lei; Anne Morgenstern; Tomasz Petrovsky; Jan Rohde; Vasily Smolyanitsky; Vladimir Sokolov; Anna Timofeeva; Thomas Krumpen
1,2019P145,P020,300234065982560,2019-10-09,2019-10-09 03:59:00,2019-10-14 11:30:00,2019-11-02 08:30:00,0,01:00,,,SVP,TUT,iSVP,Lei,Ruibo Lei; Guangyu Zuo; Mario Hoppmann; Daniel Watkins; Jennifer Hutchings
1,2019P140,P021,300234065984580,2019-10-07,2019-10-07 06:40:00,2019-10-09 03:30:00,2020-09-11 17:32:00,0,01:00,,,SVP,TUT,iSVP,Lei,Ruibo Lei; Guangyu Zuo; Mario Hoppmann; Daniel Watkins; Jennifer Hutchings
1,2019P200,P023,300234068910590,2019-10-07,2019-10-07 06:58:00,2019-10-07 08:00:25,2020-08-05 19:30:24,0,00:30,,,SVP,PacificGyre IT,Ice Tracker,Hutchings,Jennifer Hutchings; Daniel Watkins; Mario Hoppmann; Hans Jakob Belter; Vladimir Bessonov; Ruibo Lei; Anne Morgenstern; Tomasz Petrovsky; Jan Rohde; Vasily Smolyanitsky; Vladimir Sokolov; Anna Timofeeva; Thomas Krumpen
1,2019P136,P025,300234065980590,2019-10-07,2019-10-07 01:48:00,2019-10-07 03:30:00,2020-10-08 17:29:59,0,01:00,,,SVP,TUT,iSVP,Lei,Ruibo Lei; Guangyu Zuo; Mario Hoppmann; Daniel Watkins; Jennifer Hutchings
1,2019P137,P026,300234065090840,2019-10-09,2019-10-09 03:39:00,2019-10-10 00:30:00,2020-09-21 12:30:01,0,01:00,,,SVP,TUT,iSVP,Lei,Ruibo Lei; Guangyu Zuo; Mario Hoppmann; Daniel Watkins; Jennifer Hutchings
1,2019P189,P027,300234068221000,2019-10-05,2019-10-05 03:10:00,2019-10-05 03:30:26,2019-12-15 19:30:25,0,00:30,,,SVP,PacificGyre IT,Ice Tracker,Hutchings,Jennifer Hutchings; Daniel Watkins; Mario Hoppmann; Hans Jakob Belter; Vladimir Bessonov; Ruibo Lei; Anne Morgenstern; Tomasz Petrovsky; Jan Rohde; Vasily Smolyanitsky; Vladimir Sokolov; Anna Timofeeva; Thomas Krumpen
1,2019P192,P028,300234068129990,2019-10-05,2019-10-05 03:15:00,2019-10-05 03:30:26,2020-09-19 22:30:24,0,00:30,,,SVP,PacificGyre IT,Ice Tracker,Hutchings,Jennifer Hutchings; Daniel Watkins; Mario Hoppmann; Hans Jakob Belter; Vladimir Bessonov; Ruibo Lei; Anne Morgenstern; Tomasz Petrovsky; Jan Rohde; Vasily Smolyanitsky; Vladimir Sokolov; Anna Timofeeva; Thomas Krumpen
1,2019P191,P029,300234068123990,2019-10-05,2019-10-05 03:30:00,2019-10-05 04:00:54,2020-09-17 05:00:27,0,00:30,,,SVP,PacificGyre IT,Ice Tracker,Hutchings,Jennifer Hutchings; Daniel Watkins; Mario Hoppmann; Hans Jakob Belter; Vladimir Bessonov; Ruibo Lei; Anne Morgenstern; Tomasz Petrovsky; Jan Rohde; Vasily Smolyanitsky; Vladimir Sokolov; Anna Timofeeva; Thomas Krumpen
1,2019P194,P030,300234068222000,2019-10-05,2019-10-05 03:05:00,2019-10-05 03:30:26,2020-08-30 09:44:44,0,00:30,,,SVP,PacificGyre IT,Ice Tracker,Hutchings,Jennifer Hutchings; Daniel Watkins; Mario Hoppmann; Hans Jakob Belter; Vladimir Bessonov; Ruibo Lei; Anne Morgenstern; Tomasz Petrovsky; Jan Rohde; Vasily Smolyanitsky; Vladimir Sokolov; Anna Timofeeva; Thomas Krumpen
1,2019P187,P031,300234066417330,2019-10-09,2019-10-09 03:30:00,2019-10-09 04:00:15,2020-04-22 17:30:18,0,00:30,,,SVP,PacificGyre IT,Universal Tracker,Hutchings,Jennifer Hutchings; Daniel Watkins; Mario Hoppmann; Hans Jakob Belter; Vladimir Bessonov; Ruibo Lei; Anne Morgenstern; Tomasz Petrovsky; Jan Rohde; Vasily Smolyanitsky; Vladimir Sokolov; Anna Timofeeva; Thomas Krumpen
1,2019P143,P032,300234010077180,2019-10-07,2019-10-07 02:09:00,2019-10-09 06:30:00,2020-10-16 03:30:01,0,01:00,,,SVP,TUT,iSVP,Lei,Ruibo Lei; Guangyu Zuo; Mario Hoppmann; Daniel Watkins; Jennifer Hutchings
1,2019P135,P033,300234065988570,2019-10-09,2019-10-09 07:51:00,2019-10-09 09:30:33,2019-11-08 16:32:52,0,01:00,,,SVP,TUT,iSVP,Lei,Ruibo Lei; Guangyu Zuo; Mario Hoppmann; Daniel Watkins; Jennifer Hutchings
1,2019P146,P034,300234065091110,2019-10-10,2019-10-10 02:42:00,2019-10-12 07:30:00,2020-09-19 18:30:01,0,01:00,,,SVP,TUT,iSVP,Lei,Ruibo Lei; Guangyu Zuo; Mario Hoppmann; Daniel Watkins; Jennifer Hutchings
1,2019P148,P035,300234065094850,2019-10-10,2019-10-10 02:32:00,2019-10-10 04:30:00,2020-09-30 04:30:00,0,01:00,,,SVP,TUT,iSVP,Lei,Ruibo Lei; Guangyu Zuo; Mario Hoppmann; Daniel Watkins; Jennifer Hutchings
1,2019P102,P037,300234067705760,2019-10-26,2019-10-26 09:15:00,2019-10-26 09:40:26,2021-01-09 07:00:39,0,00:10,,,SVP,PacificGyre IT,SVP-B,Haas,Mario Hoppmann; Christian Haas
1,2019P105,P038,300234067707750,2019-10-26,2019-10-26 08:49:00,2019-10-26 09:40:27,2020-10-16 19:30:32,0,00:10,,,SVP,PacificGyre IT,SVP-B,Haas,Mario Hoppmann; Christian Haas
1,2019P126,P039,300234066084230,2019-10-09,2019-10-09 01:29:00,2019-10-09 05:00:00,2019-12-30 15:00:00,0,01:00,,,SVP,MetOcean Telematics,SVP-I-BXGS-AP,Hoppmann; EUMETNET,Mario Hoppmann; Gilbert Emzivat; Hans Jakob Belter; Vladimir Bessonov; Jennifer Hutchings; Ruibo Lei; Anne Morgenstern; Tomasz Petrovsky; Jan Rohde; Vasily Smolyanitsky; Vladimir Sokolov; Anna Timofeeva; Daniel Watkins; Thomas Krumpen
1,2019P103,P041,300234067706680,2019-10-10,2019-10-10 02:51:00,2019-10-10 03:20:27,2021-03-12 04:00:54,0,00:10,,,SVP,PacificGyre IT,SVP-B,Haas,Mario Hoppmann; Christian Haas; Hans Jakob Belter; Vladimir Bessonov; Jennifer Hutchings; Ruibo Lei; Anne Morgenstern; Tomasz Petrovsky; Jan Rohde; Vasily Smolyanitsky; Vladimir Sokolov; Anna Timofeeva; Daniel Watkins; Thomas Krumpen
1,2019P101,P042,300234067705700,2019-10-10,2019-10-10 03:56:00,2019-10-10 04:00:26,2020-02-14 15:30:35,0,00:10,,,SVP,PacificGyre IT,SVP-B,Haas,Mario Hoppmann; Christian Haas; Hans Jakob Belter; Vladimir Bessonov; Jennifer Hutchings; Ruibo Lei; Anne Morgenstern; Tomasz Petrovsky; Jan Rohde; Vasily Smolyanitsky; Vladimir Sokolov; Anna Timofeeva; Daniel Watkins; Thomas Krumpen
1,2019P92,P043,300234067700760,2019-10-05,2019-10-05 10:22:00,2019-10-05 10:30:25,2020-08-13 12:02:25,0,00:10,,,SVP,PacificGyre IT,SVP-B,Haas,Mario Hoppmann; Christian Haas; Hans Jakob Belter; Vladimir Bessonov; Jennifer Hutchings; Ruibo Lei; Anne Morgenstern; Tomasz Petrovsky; Jan Rohde; Vasily Smolyanitsky; Vladimir Sokolov; Anna Timofeeva; Daniel Watkins; Thomas Krumpen
1,2019P182,P044,300234066419320,2019-09-30,2019-09-30 12:00:00,2019-10-01 04:00:15,2021-02-10 22:00:28,0,00:30,,,SVP,PacificGyre IT,Universal Tracker,Hutchings,Jennifer Hutchings; Daniel Watkins; Mario Hoppmann; Hans Jakob Belter; Vladimir Bessonov; Ruibo Lei; Anne Morgenstern; Tomasz Petrovsky; Jan Rohde; Vasily Smolyanitsky; Vladimir Sokolov; Anna Timofeeva; Thomas Krumpen
1,2019P122,P045,300234066080220,2019-10-09,2019-10-09 02:58:00,2019-10-09 03:00:00,2020-02-01 12:00:00,0,01:00,,,SVP,MetOcean Telematics,SVP-I-BXGS-AP,Hoppmann; EUMETNET,Mario Hoppmann; Gilbert Emzivat; Hans Jakob Belter; Vladimir Bessonov; Jennifer Hutchings; Ruibo Lei; Anne Morgenstern; Tomasz Petrovsky; Jan Rohde; Vasily Smolyanitsky; Vladimir Sokolov; Anna Timofeeva; Daniel Watkins; Thomas Krumpen
1,2019P184,P046,300234066318290,2019-09-30,2019-09-30 12:00:00,2019-10-01 03:00:16,2021-02-10 22:00:18,0,00:30,,,SVP,PacificGyre IT,Universal Tracker,Hutchings,Jennifer Hutchings; Daniel Watkins; Mario Hoppmann; Hans Jakob Belter; Vladimir Bessonov; Ruibo Lei; Anne Morgenstern; Tomasz Petrovsky; Jan Rohde; Vasily Smolyanitsky; Vladimir Sokolov; Anna Timofeeva; Thomas Krumpen
1,2019P90,P048,300234067608220,2019-10-07,2019-10-07 06:32:00,2019-10-07 08:40:24,2020-11-12 22:34:55,0,00:10,,,SVP,PacificGyre IT,SVP-B,Haas,Mario Hoppmann; Christian Haas; Hans Jakob Belter; Vladimir Bessonov; Jennifer Hutchings; Ruibo Lei; Anne Morgenstern; Tomasz Petrovsky; Jan Rohde; Vasily Smolyanitsky; Vladimir Sokolov; Anna Timofeeva; Daniel Watkins; Thomas Krumpen
1,2019P88,P049,300234067509680,2019-10-07,2019-10-07 01:15:00,2019-10-07 01:50:25,2020-03-06 21:33:30,0,00:10,,,SVP,PacificGyre IT,SVP-B,Haas,Mario Hoppmann; Christian Haas; Hans Jakob Belter; Vladimir Bessonov; Jennifer Hutchings; Ruibo Lei; Anne Morgenstern; Tomasz Petrovsky; Jan Rohde; Vasily Smolyanitsky; Vladimir Sokolov; Anna Timofeeva; Daniel Watkins; Thomas Krumpen
1,2019P91,P050,300234067700680,2019-10-07,2019-10-07 06:14:00,2019-10-07 08:10:25,2020-04-15 15:50:27,0,00:10,,,SVP,PacificGyre IT,SVP-B,Haas,Mario Hoppmann; Christian Haas; Hans Jakob Belter; Vladimir Bessonov; Jennifer Hutchings; Ruibo Lei; Anne Morgenstern; Tomasz Petrovsky; Jan Rohde; Vasily Smolyanitsky; Vladimir Sokolov; Anna Timofeeva; Daniel Watkins; Thomas Krumpen
1,2019P183,P051,300234066253880,2019-10-21,2019-10-21 05:39:00,2019-10-21 06:00:44,2020-02-05 16:00:18,0,00:30,,,SVP,PacificGyre IT,Universal Tracker,Hutchings,Jennifer Hutchings; Daniel Watkins; Mario Hoppmann; Hans Jakob Belter; Vladimir Bessonov; Ruibo Lei; Anne Morgenstern; Tomasz Petrovsky; Jan Rohde; Vasily Smolyanitsky; Vladimir Sokolov; Anna Timofeeva; Thomas Krumpen
1,2019P150,P052,300234068314190,2019-10-21,2019-10-21 05:58:00,2019-10-21 06:00:00,2020-04-26 08:00:00,0,01:00,,,SVP,MetOcean Telematics,SVP-I-XXGS-LP,Lei,Ruibo Lei; Guangyu Zuo; Marcel Nicolaus; Julia Regnery; Mario Hoppmann; Jennifer Hutchings
1,2019P151,P053,300234068318250,2019-10-21,2019-10-21 06:08:00,2019-10-21 07:00:00,2020-11-11 14:00:01,0,01:00,,,SVP,MetOcean Telematics,SVP-I-XXGS-LP,Lei,Ruibo Lei; Guangyu Zuo; Marcel Nicolaus; Julia Regnery; Mario Hoppmann; Jennifer Hutchings
1,2019P159,P054,300234068215980,2019-10-21,2019-10-21 05:50:00,2019-10-21 06:00:00,2020-10-21 18:59:59,0,01:00,,,SVP,MetOcean Telematics,SVP-I-XXGS-LP,Lei,Ruibo Lei; Guangyu Zuo; Marcel Nicolaus; Julia Regnery; Mario Hoppmann; Jennifer Hutchings
1,2019P158,P055,300234068213470,2019-09-30,2019-09-30 08:53:00,2019-09-30 09:00:00,2020-11-11 14:00:01,0,01:00,,,SVP,MetOcean Telematics,SVP-I-XXGS-LP,Lei,Ruibo Lei; Guangyu Zuo; Marcel Nicolaus; Julia Regnery; Mario Hoppmann; Jennifer Hutchings
1,2019P152,P056,300234068218450,2019-09-29,2019-09-29 06:50:00,2019-09-29 07:00:00,2020-10-18 21:59:59,0,01:00,,,SVP,MetOcean Telematics,SVP-I-XXGS-LP,Lei,Ruibo Lei; Guangyu Zuo; Marcel Nicolaus; Julia Regnery; Mario Hoppmann; Jennifer Hutchings
1,2019P155,P057,300234068316210,2019-09-29,2019-09-29 01:40:00,2019-09-29 02:00:00,2020-12-17 12:59:59,0,01:00,,,SVP,MetOcean Telematics,SVP-I-XXGS-LP,Lei,Ruibo Lei; Guangyu Zuo; Marcel Nicolaus; Julia Regnery; Mario Hoppmann; Jennifer Hutchings
1,2019P156,P058,300234068312200,2019-09-28,2019-09-28 08:15:00,2019-09-28 10:00:00,2021-02-03 03:59:59,0,01:00,,,SVP,MetOcean Telematics,SVP-I-XXGS-LP,Lei,Ruibo Lei; Guangyu Zuo; Marcel Nicolaus; Julia Regnery; Mario Hoppmann; Jennifer Hutchings
1,2019P22,P060,300234062887920,2019-10-10,2019-10-10 23:00:00,2019-10-11 00:00:00,2020-05-13 00:00:00,0,03:00,,,SVP,MetOcean Telematics,SVP-B,Haas,Mario Hoppmann; Christian Haas; Hans Jakob Belter; Vladimir Bessonov; Jennifer Hutchings; Ruibo Lei; Anne Morgenstern; Tomasz Petrovsky; Jan Rohde; Vasily Smolyanitsky; Vladimir Sokolov; Anna Timofeeva; Daniel Watkins; Thomas Krumpen
1,2019P123,P061,300234066081220,2019-10-19,2019-10-19 01:52:00,2019-10-19 06:00:00,2020-10-04 00:59:59,0,01:00,,,SVP,MetOcean Telematics,SVP-I-BXGS-AP,Hoppmann; EUMETNET,Mario Hoppmann; Gilbert Emzivat; Hans Jakob Belter; Vladimir Bessonov; Jennifer Hutchings; Ruibo Lei; Anne Morgenstern; Tomasz Petrovsky; Jan Rohde; Vasily Smolyanitsky; Vladimir Sokolov; Anna Timofeeva; Daniel Watkins; Thomas Krumpen
1,2019P128,P063,300234066085220,2019-10-10,2019-10-10 23:00:00,2019-10-10 23:00:00,2020-11-09 21:59:59,0,01:00,,,SVP,MetOcean Telematics,SVP-I-BXGS-AP,Hoppmann; EUMETNET,Mario Hoppmann; Gilbert Emzivat; Hans Jakob Belter; Vladimir Bessonov; Jennifer Hutchings; Ruibo Lei; Anne Morgenstern; Tomasz Petrovsky; Jan Rohde; Vasily Smolyanitsky; Vladimir Sokolov; Anna Timofeeva; Daniel Watkins; Thomas Krumpen
1,2019T47,P064,300234064817930,2019-10-13,2019-10-13 04:35:00,2019-10-13 14:01:13,2020-09-18 19:09:31,0,12:00,,,Thermistor,SAMS Enterprise Ltd,SIMBA V7,Lei,Bin Cheng; Ruibo Lei; Guangyu Zuo
1,2019T56,P065,300234065176750,2019-11-02,2019-11-02 01:44:00,2019-11-02 01:44:47,2020-06-29 15:00:13,0,02:00,,,Thermistor,SAMS Enterprise Ltd,SIMBA V7,Lei,Bin Cheng; Ruibo Lei; Jari Haapala; Mario Hoppmann
1,2019P113,P066,300234061161600,2019-12-10,2019-12-10 22:30:00,2019-12-10 22:59:57,2020-09-22 18:00:00,0,01:00,,,SVP,MarlinYUG,iceST/30,Haas,Christian Haas; Dmitry V Divine; Igor Sheikin; Polona Itkin
1,2019P112,P067,300234061161590,2019-12-11,2019-12-11 06:30:00,2019-12-11 07:00:02,2020-10-07 01:59:58,0,01:00,,,SVP,MarlinYUG,iceST/30,Haas,Christian Haas; Dmitry V Divine; Igor Sheikin
1,2019P119,P068,300234061164580,2019-12-11,2019-12-11 14:30:00,2019-12-11 15:00:00,2020-11-15 09:00:00,0,01:00,,,SVP,MarlinYUG,iceST/30,Haas,Christian Haas; Dmitry V Divine; Igor Sheikin; Polona Itkin
1,2019P114,P069,300234061162590,2019-12-11,2019-12-11 22:00:00,2019-12-12 00:00:00,2020-04-13 16:56:04,0,01:00,,,SVP,MarlinYUG,iceST/30,Haas,Christian Haas; Dmitry V Divine; Polona Itkin
1,2019P139,P022,300234065985570,2019-10-07,2019-10-07 02:19:00,2019-10-08 00:30:33,2021-01-27 01:30:32,0,01:00,,,SVP,TUT,iSVP,Lei,Ruibo Lei; Guangyu Zuo; Mario Hoppmann; Daniel Watkins; Jennifer Hutchings
1,2019P144,P024,300234065091830,2019-10-07,2019-10-07 02:05:00,2019-10-07 11:30:00,2021-01-27 02:29:59,0,01:00,,,SVP,TUT,iSVP,Lei,Ruibo Lei; Guangyu Zuo; Mario Hoppmann; Daniel Watkins; Jennifer Hutchings
1,2019P124,P040,300234066089220,2019-09-29,2019-09-29 00:36:00,2019-09-29 05:00:00,2021-05-24 00:00:00,0,01:00,,,SVP,MetOcean Telematics,SVP-I-BXGS-AP,Hoppmann;EUMETNET,Mario Hoppmann; Gilbert Emzivat; Hans Jakob Belter; Vladimir Bessonov; Jennifer Hutchings; Ruibo Lei; Anne Morgenstern; Tomasz Petrovsky; Jan Rohde; Vasily Smolyanitsky; Vladimir Sokolov; Anna Timofeeva; Daniel Watkins; Thomas Krumpen
1,2019P125,P047,300234066087220,2019-10-10,2019-10-10 00:27:00,2019-10-10 04:00:00,2021-05-24 00:00:00,0,01:00,,,SVP,MetOcean Telematics,SVP-I-BXGS-AP,Hoppmann; EUMETNET,Mario Hoppmann; Gilbert Emzivat; Hans Jakob Belter; Vladimir Bessonov; Jennifer Hutchings; Ruibo Lei; Anne Morgenstern; Tomasz Petrovsky; Jan Rohde; Vasily Smolyanitsky; Vladimir Sokolov; Anna Timofeeva; Daniel Watkins; Thomas Krumpen
1,2019P157,P059,300234068312210,2019-09-26,2019-09-26 13:40:00,2019-09-26 14:00:00,2021-05-24 00:00:00,0,01:00,,,SVP,MetOcean Telematics,SVP-I-XXGS-LP,Lei,Ruibo Lei; Guangyu Zuo; Marcel Nicolaus; Julia Regnery; Mario Hoppmann; Jennifer Hutchings
1,2019P127,P062,300234066082230,2019-10-10,2019-10-10 23:00:00,2019-10-10 23:00:00,2021-05-24 00:00:00,0,01:00,,,SVP,MetOcean Telematics,SVP-I-BXGS-AP,Hoppmann; EUMETNET,Mario Hoppmann; Gilbert Emzivat; Hans Jakob Belter; Vladimir Bessonov; Jennifer Hutchings; Ruibo Lei; Anne Morgenstern; Tomasz Petrovsky; Jan Rohde; Vasily Smolyanitsky; Vladimir Sokolov; Anna Timofeeva; Daniel Watkins; Thomas Krumpen
2,2020E1,CO1,300234064132630,2020-02-14,2020-02-14 11:00:00,2020-02-18 14:28:00,2020-08-12 05:44:24,0,01:00,,,Optical Chain and Logger,SAMS Enterprise Ltd,OptiCAL,Granskog,Mats A Granskog; J√∏rgen Berge; Philip Anderson; Dmitry V Divine; Christian Katlein; Polona Itkin; Ian Raphael; Geir Johnsen; Daniel Vogedes; Tomasz Kopec; Artur Zolich; Maxime Geoffrey; Finlo Cottier; Pedro R De La Torre
2,2020E2,CO1,300234062321110,2020-02-14,2020-02-14 11:24:00,2020-02-18 15:00:05,2020-07-02 17:00:30,0,01:00,,,Optical Chain and Logger,SAMS Enterprise Ltd,OptiCAL,Granskog,Mats A Granskog; J√∏rgen Berge; Philip Anderson; Dmitry V Divine; Christian Katlein; Polona Itkin; Ian Raphael; Geir Johnsen; Daniel Vogedes; Tomasz Kopec; Artur Zolich; Maxime Geoffrey; Finlo Cottier; Pedro R De La Torre
2,2020M29,CO1,300025010644540,2020-02-16,2020-02-16 11:57:00,2020-02-16 12:03:49,2020-07-31 22:00:49,0,01:00,,,IMBFlex,Bruncin,IMBFlex,Hoppmann,Mario Hoppmann; Christian Katlein; Marcel Nicolaus
2,2020T60,CO1,300234066299840,2020-01-08,2020-01-08 07:44:00,2020-01-08 15:01:00,2020-04-22 03:01:51,0,12:00,,,Thermistor,SAMS Enterprise Ltd,SIMBA V7,Granskog,Mats A Granskog; Knut V H√∏yland; Pedro R De La Torre; Dmitry V Divine; Christian Katlein; Polona Itkin; Ian Raphael; Lasse M Olsen
2,2020T61,CO1,300234065768480,2020-02-05,2020-02-05 12:46:00,2020-02-05 14:00:11,2020-07-27 04:00:12,0,02:00,,,Thermistor,SAMS Enterprise Ltd,SIMBA V7,Granskog,Mats A Granskog; J√∏rgen Berge; Finlo Cottier; Dmitry V Divine; Christian Katlein; Polona Itkin; Lasse M Olsen; Daniel Vogedes; Pedro R De La Torre
2,2020S99,L1,300234066087170,2020-02-10,2020-02-10 08:18:00,2020-02-10 09:01:01,2020-08-06 09:02:59,0,01:00,2020S109,,Snow Buoy,MetOcean Telematics,ICEB-I-TBAS-SH-A,Nicolaus,Marcel Nicolaus; Arttu Juttila; Ian Raphael; Mario Hoppmann
2,2020E3,LM,300234064233210,2020-02-16,2020-02-16 11:26:00,2020-02-18 15:00:11,2020-08-09 13:00:15,0,01:00,,,Optical Chain and Logger,SAMS Enterprise Ltd,OptiCAL,Granskog,Mats A Granskog; J√∏rgen Berge; Philip Anderson; Dmitry V Divine; Christian Katlein; Polona Itkin; Ian Raphael; Geir Johnsen; Daniel Vogedes; Tomasz Kopec; Artur Zolich; Maxime Geoffrey; Finlo Cottier; Pedro R De La Torre
3,2020P212,CO1,300234010303850,2020-03-17,2020-03-17 17:00:00,2020-03-18 10:00:00,2020-03-25 08:00:00,0,01:00,2020P228,,SVP,MetOcean Telematics,SVP-I-BXGS-P,Haapala,Jari Haapala; Marko M√§kynen; Jennifer Hutchings; Daniel Watkins; Mario Hoppmann; Ruibo Lei
3,2020P224,CO1,300234068210190,2020-03-12,2020-03-12 14:00:00,2020-03-12 14:00:00,2020-03-12 17:00:00,0,01:00,2020P227,2019P153,SVP,MetOcean Telematics,SVP-I-XXGS-LP,Lei,Ruibo Lei; Jennifer Hutchings; Daniel Watkins; Mario Hoppmann
3,2020P225,CO1,300234068210310,2020-04-23,2020-04-23 15:00:00,2020-04-23 15:00:00,2020-11-11 14:00:01,0,01:00,,2020P154,SVP,MetOcean Telematics,SVP-I-XXGS-LP,Lei,Ruibo Lei; Jennifer Hutchings; Daniel Watkins; Mario Hoppmann
3,2020P226,CO1,300234068118580,2020-04-24,2020-04-24 17:00:00,2020-04-24 17:00:00,2020-08-08 18:00:00,0,01:00,,2019P161,SVP,MetOcean Telematics,SVP-I-XXGS-LP,Lei,Ruibo Lei; Jennifer Hutchings; Daniel Watkins; Mario Hoppmann
3,2020P227,CO1,300234068210190,2020-03-12,2020-03-12 17:00:00,2020-03-12 17:00:00,2020-09-03 07:15:59,0,01:00,,2019P153; 2020P224,SVP,MetOcean Telematics,SVP-I-XXGS-LP,Lei,Ruibo Lei; Jennifer Hutchings; Daniel Watkins; Mario Hoppmann
3,2020P228,CO1,300234010303850,2020-05-12,2020-05-12 10:00:00,2020-05-12 10:00:00,2020-10-27 00:00:00,0,01:00,,2020P212,SVP,MetOcean Telematics,SVP-I-BXGS-P,Haapala,Jari Haapala; Marko M√§kynen; Jennifer Hutchings; Daniel Watkins; Mario Hoppmann; Ruibo Lei
3,2020R10,CO1,300025060612750,2020-03-08,2020-03-08 14:47:00,2020-03-08 15:00:03,2020-07-21 10:00:02,0,01:00,,,Radiation Station,Bruncin,Radiation Station,Nicolaus,Marcel Nicolaus; Philipp Anhaus; Mario Hoppmann; Ran Tao; Christian Katlein
3,2020S97,CO1,300234066083130,2020-04-29,2020-04-29 14:03:00,2020-04-29 15:00:00,2020-08-26 04:03:01,0,01:00,,,Snow Buoy,MetOcean Telematics,ICEB-I-TBAS-SH-A,Nicolaus,Marcel Nicolaus; Philipp Anhaus; Robert Ricker; Steven Fons; Mario Hoppmann
3,2020T75,CO1,300234068325170,2020-04-23,2020-04-23 09:30:00,2020-04-23 10:00:14,2020-08-07 15:00:13,0,00:30,,,Thermistor,SAMS Enterprise Ltd,SIMBA V7,Lei,Ruibo Lei; Bin Cheng; Jennifer Hutchings
3,2020T79,CO1,300234068527600,2020-04-16,2020-04-16 10:00:00,2020-04-16 10:00:14,2020-07-31 15:00:13,0,00:30,,,Thermistor,SAMS Enterprise Ltd,SIMBA V7,Lei,Ruibo Lei; Bin Cheng; Jennifer Hutchings
3,ASFS30UCB2,CO1,ASFS30UCB,2020-04-15,2020-04-15 12:29:00,2020-04-15 12:30:00,2020-06-30 12:20:00,0,00:10,ASFS30UCB3; ASFS30UCB4; ASFS30UCB5,ASFS30UCB1,Atmospheric Surface Flux Station,Hemisphere,GPS Compass V102,Shupe,Matthew D Shupe; Ola Persson; Christopher J Cox; Michael Gallagher; Taneil Uttal; Jennifer Hutchings; Sara M Morris; Dave Costa; Jackson Osborn
3,ASFS50UCB2,CO1,ASFS50UCB,2020-04-14,2020-04-14 12:47:00,2020-04-14 12:50:01,2020-05-07 11:00:00,0,00:10,ASFS50UCB3; ASFS50UCB4,ASFS50UCB1,Atmospheric Surface Flux Station,Hemisphere,GPS Compass V102,Shupe,Matthew D Shupe; Ola Persson; Christopher J Cox; Michael Gallagher; Taneil Uttal; Jennifer Hutchings; Sara M Morris; Dave Costa; Jackson Osborn
3,2020R12,L3,300025060614630,2020-04-24,2020-04-24 13:48:00,2020-04-24 14:04:29,2020-08-07 12:59:59,0,01:00,,,Radiation Station,Bruncin,Radiation Station,Nicolaus,Marcel Nicolaus; Philipp Anhaus; Mario Hoppmann; Ran Tao; Christian Katlein
3,2020R11,LM,300025060613750,2020-03-26,2020-03-26 14:55:00,2020-03-26 14:55:36,2020-08-01 10:00:07,0,01:00, 2020R21,,Radiation Station,Bruncin,Radiation Station,Nicolaus,Marcel Nicolaus; Philipp Anhaus; Mario Hoppmann; Ran Tao; Christian Katlein
3,2020P216,P070,300234068280900,2020-03-17,2020-03-17 14:35:00,2020-03-17 14:40:25,2020-12-18 10:00:25,0,00:10,,,SVP,PacificGyre IT,Universal Tracker,Hutchings,Jennifer Hutchings; Daniel Watkins; Mario Hoppmann; Ruibo Lei
3,2020P219,P073,300234068283890,2020-03-17,2020-03-17 14:58:00,2020-03-17 15:00:25,2020-09-30 02:40:27,0,00:10,,,SVP,PacificGyre IT,Universal Tracker,Hutchings,Jennifer Hutchings; Daniel Watkins; Mario Hoppmann; Ruibo Lei
3,2020P185,P075,300234066412350,2020-03-17,2020-03-17 14:46:00,2020-03-17 15:00:18,2021-02-18 12:00:45,0,00:30,,,SVP,PacificGyre IT,Universal Tracker,Hutchings,Jennifer Hutchings; Daniel Watkins; Mario Hoppmann; Ruibo Lei
3,2020P213,P077,300234010307830,2020-03-22,2020-03-22 10:58:00,2020-03-22 13:00:00,2020-10-16 20:00:01,0,01:00,,,SVP,MetOcean Telematics,SVP-I-BXGS-P,Haapala,Jari Haapala; Marko M√§kynen; Jennifer Hutchings; Daniel Watkins; Mario Hoppmann; Ruibo Lei
3,2020P214,P078,300234011097770,2020-03-22,2020-03-22 10:17:00,2020-03-22 12:00:00,2021-01-12 12:00:00,0,03:00,,,SVP,MetOcean Telematics,SVP-I-BXGS-P,Haapala,Jari Haapala; Marko M√§kynen; Jennifer Hutchings; Daniel Watkins; Mario Hoppmann; Ruibo Lei
3,2020P215,P079,300234011091780,2020-03-22,2020-03-22 10:17:00,2020-03-22 13:00:00,2020-12-02 16:17:00,0,03:00,,,SVP,MetOcean Telematics,SVP-I-BXGS-P,Haapala,Jari Haapala; Marko M√§kynen; Jennifer Hutchings; Daniel Watkins; Mario Hoppmann; Ruibo Lei
3,2020P160,P080,300234068219470,2020-03-22,2020-03-22 13:06:00,2020-03-22 13:14:00,2020-11-11 14:00:01,0,01:00,,,SVP,MetOcean Telematics,SVP-I-XXGS-LP,Lei,Ruibo Lei; Jennifer Hutchings; Daniel Watkins; Mario Hoppmann
3,2020P210,P081,300234010082440,2020-03-22,2020-03-22 10:31:00,2020-03-22 13:00:00,2021-01-09 21:00:00,0,03:00,,,SVP,MetOcean Telematics,SVP-I-BXGS-P,Haapala,Jari Haapala; Marko M√§kynen; Jennifer Hutchings; Daniel Watkins; Mario Hoppmann; Ruibo Lei
3,2020P211,P082,300234010084660,2020-03-22,2020-03-22 10:44:00,2020-03-22 13:00:00,2020-10-01 15:00:00,0,03:00,,,SVP,MetOcean Telematics,SVP-I-BXGS-P,Haapala,Jari Haapala; Marko M√§kynen; Jennifer Hutchings; Daniel Watkins; Mario Hoppmann; Ruibo Lei
3,2020P223,P083,300234062881930,2020-03-24,2020-03-24 14:00:00,2020-04-23 15:00:00,2020-06-12 06:00:00,0,03:00,,,SVP,MetOcean Telematics,SVP-B,Haas,Christian Haas; Torsten Kanzow; Jennifer Hutchings; Daniel Watkins; Mario Hoppmann; Ruibo Lei
3,2020T73,P084,300234068328160,2020-04-04,2020-04-04 11:12:00,2020-04-04 12:00:15,2020-08-13 16:00:15,0,00:30,,,Thermistor,SAMS Enterprise Ltd,SIMBA V7,Lei,Ruibo Lei; Bin Cheng; Jennifer Hutchings
3,2020T74,P085,300234068225520,2020-04-04,2020-04-04 11:43:00,2020-04-04 12:00:15,2020-08-10 11:00:14,0,00:30,,,Thermistor,SAMS Enterprise Ltd,SIMBA V7,Lei,Ruibo Lei; Bin Cheng; Jennifer Hutchings
3,2020T76,P086,300234068528490,2020-04-04,2020-04-04 14:47:00,2020-04-04 15:00:15,2020-07-21 11:30:15,0,00:30,,,Thermistor,SAMS Enterprise Ltd,SIMBA V7,Lei,Ruibo Lei; Bin Cheng; Jennifer Hutchings
3,2020T77,P087,300234068524740,2020-04-04,2020-04-04 11:12:00,2020-04-04 12:00:15,2020-06-22 08:00:14,0,00:30,,,Thermistor,SAMS Enterprise Ltd,SIMBA V7,Lei,Ruibo Lei; Bin Cheng; Jennifer Hutchings
3,2020P217,P071,300234068281900,2020-03-17,2020-03-17 15:25:00,2020-03-17 15:30:25,2021-05-23 23:00:56,0,00:10,,,SVP,PacificGyre IT,Universal Tracker,Hutchings,Jennifer Hutchings; Daniel Watkins; Mario Hoppmann; Ruibo Lei
3,2020P218,P072,300234068283720,2020-03-17,2020-03-17 15:04:00,2020-03-17 15:10:26,2021-05-23 23:00:56,0,00:10,,,SVP,PacificGyre IT,Universal Tracker,Hutchings,Jennifer Hutchings; Daniel Watkins; Mario Hoppmann; Ruibo Lei
3,2020P220,P074,300234068287880,2020-03-17,2020-03-17 14:24:00,2020-03-17 14:30:25,2021-05-23 23:00:56,0,00:10,,,SVP,PacificGyre IT,Universal Tracker,Hutchings,Jennifer Hutchings; Daniel Watkins; Mario Hoppmann; Ruibo Lei
3,2020P186,P076,300234066415350,2020-03-17,2020-03-17 15:14:00,2020-03-17 15:30:30,2021-05-23 12:00:42,0,00:30,,,SVP,PacificGyre IT,Universal Tracker,Hutchings,Jennifer Hutchings; Daniel Watkins; Mario Hoppmann; Ruibo Lei
4,2020M26,CO2,300025010649550,2020-06-26,2020-06-26 11:59:00,2020-06-26 12:51:59,2020-08-19 22:02:27,0,01:00,,,IMBFlex,Bruncin,IMBFlex,Granskog,Mats A Granskog; Benjamin Lange; Evgenii Salganik; Pedro R De La Torre
4,2020M27,CO2,300025060102020,2020-06-26,2020-06-26 12:51:00,2020-07-24 12:06:04,2020-09-08 01:00:57,0,01:00,,,IMBFlex,Bruncin,IMBFlex,Granskog,Mats A Granskog; Benjamin Lange; Evgenii Salganik; Pedro R De La Torre
4,ASFS50UCB3,CO2,ASFS50UCB,2020-06-29,2020-06-29 13:00:00,2020-06-29 13:10:00,2020-07-30 13:40:01,0,00:10,AASFS50UCB4,ASFS50UCB1; ASFS50UCB2,Atmospheric Surface Flux Station,Hemisphere,GPS Compass V102,Shupe,Matthew D Shupe; Ola Persson; Christopher J Cox; Michael Gallagher; Taneil Uttal; Jennifer Hutchings; Sara M Morris; Dave Costa; Jackson Osborn
4,ASFSTUCB2,CO2,ASFSTUCB,2020-06-27,2020-06-27 09:15:00,2020-06-27 09:20:00,2020-07-29 08:40:00,0,00:10,ASFSTUCB3,ASFSTUCB1,Atmospheric Surface Flux Station,Hemisphere,GPS Compass V102,Shupe,Matthew D Shupe; Ola Persson; Christopher J Cox; Michael Gallagher; Taneil Uttal; Jennifer Hutchings; Sara M Morris; Dave Costa; Jackson Osborn
4,ASFS30UCB3,L2,ASFS30UCB,2020-06-30,2020-06-30 16:00:00,2020-06-30 16:10:00,2020-08-02 14:09:59,0,00:10,ASFS30UCB4; ASFS30UCB5,ASFS30UCB1; ASFS30UCB2 ,Atmospheric Surface Flux Station,Hemisphere,GPS Compass V102,Shupe,Matthew D Shupe; Ola Persson; Christopher J Cox; Michael Gallagher; Taneil Uttal; Jennifer Hutchings; Sara M Morris; Dave Costa; Jackson Osborn
5,2020M23,CO3,300025060609430,2020-09-18,2020-09-18 11:45:00,2020-09-18 12:32:26,2020-10-25 10:04:31,0,01:00,,,IMBFlex,Bruncin,IMBFlex,Hoppmann,Mario Hoppmann
5,2020R21,CO3,300025060613750,2020-08-27,2020-08-27 10:15:00,2020-08-27 11:00:06,2020-11-14 16:00:02,0,01:00,,2020R11,Radiation Station,Bruncin,Radiation Station,Nicolaus,Marcel Nicolaus; Mario Hoppmann; Ran Tao; Christian Katlein
5,2020T78,CO3,300234068529570,2020-08-23,2020-08-23 17:09:00,2020-08-23 17:10:23,2021-02-25 18:30:14,0,00:30,,,Thermistor,SAMS Enterprise Ltd,SIMBA V7,Lei,Ruibo Lei; Bin Cheng; Mario Hoppmann; Marcel Nicolaus; Julia Regnery
5,2020T81,CO3,300234068708320,2020-08-30,2020-08-30 11:30:00,2020-08-30 12:00:13,2021-02-10 22:00:15,0,02:00,,,Thermistor,SAMS Enterprise Ltd,SIMBA V7,Cheng,Bin Cheng; Ruibo Lei; Mario Hoppmann; Marcel Nicolaus
5,ASFS30UCB4,CO3,ASFS30UCB,2020-08-21,2020-08-21 16:35:00,2020-08-23 00:00:00,2020-09-04 09:20:00,0,00:10,ASFS30UCB5,ASFS30UCB1; ASFS30UCB2; ASFS30UCB3 ,Atmospheric Surface Flux Station,Hemisphere,GPS Compass V102,Shupe,Matthew D Shupe; Ola Persson; Christopher J Cox; Michael Gallagher; Taneil Uttal; Jennifer Hutchings; Sara M Morris; Dave Costa; Jackson Osborn
5,ASFS30UCB5,CO3,ASFS30UCB,2020-09-04,2020-09-04 11:00:00,2020-09-04 11:00:01,2020-09-20 05:40:00,0,00:10,,ASFS30UCB1; ASFS30UCB2; ASFS30UCB3; ASFS30UCB4 ,Atmospheric Surface Flux Station,Hemisphere,GPS Compass V102,Shupe,Matthew D Shupe; Ola Persson; Christopher J Cox; Michael Gallagher; Taneil Uttal; Jennifer Hutchings; Sara M Morris; Dave Costa; Jackson Osborn
5,ASFS50UCB4,CO3,ASFS50UCB,2020-08-21,2020-08-21 15:00:00,2020-08-22 23:49:59,2020-09-20 05:00:01,0,00:10,,ASFS50UCB1; ASFS50UCB2; ASFS50UCB3 ,Atmospheric Surface Flux Station,Hemisphere,GPS Compass V102,Shupe,Matthew D Shupe; Ola Persson; Christopher J Cox; Michael Gallagher; Taneil Uttal; Jennifer Hutchings; Sara M Morris; Dave Costa; Jackson Osborn
5,ASFSTUCB3,CO3,ASFSTUCB,2020-08-25,2020-08-25 13:10:00,2020-08-27 10:19:59,2020-09-18 04:40:01,0,00:10,,ASFSTUCB1; ASFSTUCB2,Atmospheric Surface Flux Station,Hemisphere,GPS Compass V102,Shupe,Matthew D Shupe; Ola Persson; Christopher J Cox; Michael Gallagher; Taneil Uttal; Jennifer Hutchings; Sara M Morris; Dave Costa; Jackson Osborn
5,2020P162,P090,300534061800900,2020-09-02,2020-09-02 11:35:00,2020-09-02 12:00:26,2020-11-25 23:01:28,0,00:30,,,SVP,PacificGyre IT,Ice Tracker,Hwang,Byongjun Hwang
5,2020P163,P091,300534061801880,2020-09-02,2020-09-02 11:11:00,2020-09-02 11:30:54,2021-03-23 18:00:32,0,00:30,,,SVP,PacificGyre IT,Ice Tracker,Hwang,Byongjun Hwang
5,2020P165,P093,300534061805890,2020-09-02,2020-09-02 08:49:00,2020-09-02 09:00:26,2021-03-09 20:00:25,0,00:30,,,SVP,PacificGyre IT,Ice Tracker,Hwang,Byongjun Hwang
5,2020P166,P094,300534061806870,2020-09-02,2020-09-02 05:14:00,2020-09-02 05:30:25,2021-02-01 14:00:27,0,00:30,,,SVP,PacificGyre IT,Ice Tracker,Hwang,Byongjun Hwang
5,2020P167,P095,300534061807880,2020-09-07,2020-09-07 07:45:00,2020-09-07 08:00:27,2020-11-24 16:00:54,0,00:30,,,SVP,PacificGyre IT,Ice Tracker,Hwang,Byongjun Hwang
5,2020P168,P096,300534061809880,2020-09-02,2020-09-02 05:30:00,2020-09-02 06:00:53,2020-11-10 15:00:34,0,00:30,,,SVP,PacificGyre IT,Ice Tracker,Hwang,Byongjun Hwang
5,2020P169,P097,300534061901380,2020-09-02,2020-09-02 10:17:00,2020-09-02 10:30:24,2020-12-25 06:00:26,0,00:30,,,SVP,PacificGyre IT,Ice Tracker,Hwang,Byongjun Hwang
5,2020P174,P102,300534061904370,2020-09-07,2020-09-07 08:45:00,2020-09-07 09:00:26,2021-04-04 14:00:56,0,00:30,,,SVP,PacificGyre IT,Ice Tracker,Hwang,Byongjun Hwang
5,2020P178,P106,300534061907360,2020-09-02,2020-09-02 09:40:00,2020-09-02 10:00:54,2021-03-27 20:00:56,0,00:30,,,SVP,PacificGyre IT,Ice Tracker,Hwang,Byongjun Hwang
5,2020P179,P107,300534061907380,2020-09-07,2020-09-07 07:30:00,2020-09-07 08:30:25,2021-02-07 14:00:56,0,00:30,,,SVP,PacificGyre IT,Ice Tracker,Hwang,Byongjun Hwang
5,2020P180,P108,300534061907610,2020-09-07,2020-09-07 08:15:00,2020-09-07 09:30:27,2020-12-14 15:00:37,0,00:30,,,SVP,PacificGyre IT,Ice Tracker,Hwang,Byongjun Hwang
5,2020P237,P113,300234068818610,2020-08-19,2020-08-19 19:40:00,2020-08-19 20:00:01,2021-03-05 01:59:58,0,01:00,,,SVP,MetOcean Telematics,SVP-I-BXGS-P,Hoppmann; EUMETNET,Mario Hoppmann; Marcel Nicolaus; Julia Regnery; Gilbert Emzivat
5,2020S105,P119,300234066080130,2020-09-21,2020-09-21 11:30:00,2020-09-21 14:00:59,2021-04-12 07:03:59,0,01:00,,,Snow Buoy,MetOcean Telematics,ICEB-I-TBAS-SH-A,Nicolaus,Marcel Nicolaus; Mario Hoppmann; Julia Regnery
5,2020S109,P120,300234066087170,2020-09-21,2020-09-21 08:45:00,2020-09-21 09:02:01,2020-09-27 22:02:00,0,01:00,,2020S99,Snow Buoy,MetOcean Telematics,ICEB-I-TBAS-SH-A,Nicolaus,Marcel Nicolaus; Mario Hoppmann; Julia Regnery
5,2020O10,CO3,300234068066320,2020-08-28,2020-08-28 10:45:00,2020-08-28 11:00:01,2021-05-24 00:00:00,0,00:10,,2019O1,CTD,PacificGyre IT,SVP5S,Fang,Mario Hoppmann; Ivan Kuznetsov; Benjamin Rabe; Ying-Chih Fang
5,2020S106,CO3,300234066083120,2020-08-26,2020-08-26 13:30:00,2020-08-26 14:00:01,2021-05-23 23:02:58,0,01:00,,2019S96,Snow Buoy,MetOcean Telematics,ICEB-I-TBAS-SH-A,Nicolaus,Marcel Nicolaus; Mario Hoppmann; Julia Regnery
5,2020S107,CO3,300234066081140,2020-08-23,2020-08-23 14:45:00,2020-08-23 15:01:01,2021-05-23 23:02:58,0,01:00,,2019S93,Snow Buoy,MetOcean Telematics,ICEB-I-TBAS-SH-A,Nicolaus,Marcel Nicolaus; Mario Hoppmann; Julia Regnery
5,2020S108,CO3,300234066081170,2020-08-30,2020-08-30 11:45:00,2020-08-30 12:00:00,2021-05-24 00:00:00,0,01:00,,2019S94,Snow Buoy,MetOcean Telematics,ICEB-I-TBAS-SH-A,Nicolaus,Marcel Nicolaus; Mario Hoppmann; Julia Regnery
5,2020S98,CO3,300234066087160,2020-09-17,2020-09-17 05:45:00,2020-09-17 06:00:00,2021-05-23 23:02:58,0,01:00,,,Snow Buoy,MetOcean Telematics,ICEB-I-TBAS-SH-A,Nicolaus,Marcel Nicolaus; Mario Hoppmann; Julia Regnery
5,2020T84,CO3,300234068707340,2020-08-26,2020-08-26 11:45:00,2020-08-26 12:00:13,2021-05-23 22:00:12,0,02:00,,,Thermistor,SAMS Enterprise Ltd,SIMBA V7,Cheng,Bin Cheng; Ruibo Lei; Mario Hoppmann; Marcel Nicolaus
5,2020T85,CO3,300234068704730,2020-09-19,2020-09-19 11:15:00,2020-09-19 11:30:15,2021-05-23 23:00:14,0,00:30,,2019T67,Thermistor,SAMS Enterprise Ltd,SIMBA V7,Lei,Ruibo Lei; Bin Cheng; Mario Hoppmann; Marcel Nicolaus
5,2020P164,P092,300534061805870,2020-09-02,2020-09-02 10:40:00,2020-09-02 11:00:27,2021-05-23 23:00:30,0,00:30,,,SVP,PacificGyre IT,Ice Tracker,Hwang,Byongjun Hwang
5,2020P170,P098,300534061902360,2020-09-02,2020-09-02 09:06:00,2020-09-02 09:30:27,2021-05-23 23:00:56,0,00:30,,,SVP,PacificGyre IT,Ice Tracker,Hwang,Byongjun Hwang
5,2020P171,P099,300534061902370,2020-09-07,2020-09-07 08:00:00,2020-09-07 09:00:26,2021-05-23 23:00:30,0,00:30,,,SVP,PacificGyre IT,Ice Tracker,Hwang,Byongjun Hwang
5,2020P172,P100,300534061903620,2020-09-12,2020-09-12 06:30:00,2020-09-12 07:00:25,2021-05-23 23:00:40,0,00:30,,,SVP,PacificGyre IT,Ice Tracker,Hwang,Byongjun Hwang
5,2020P173,P101,300534061904360,2020-09-12,2020-09-12 05:30:00,2020-09-12 06:00:53,2021-05-23 23:00:25,0,00:30,,,SVP,PacificGyre IT,Ice Tracker,Hwang,Byongjun Hwang
5,2020P175,P103,300534061904630,2020-09-02,2020-09-02 05:57:00,2020-09-02 06:00:53,2021-04-29 22:00:28,0,00:30,,,SVP,PacificGyre IT,Ice Tracker,Hwang,Byongjun Hwang
5,2020P176,P104,300534061905370,2020-09-07,2020-09-07 07:15:00,2020-09-07 08:00:27,2021-05-23 23:00:25,0,00:30,,,SVP,PacificGyre IT,Ice Tracker,Hwang,Byongjun Hwang
5,2020P177,P105,300534061906370,2020-09-07,2020-09-07 08:30:00,2020-09-07 09:30:27,2021-05-23 23:00:56,0,00:30,,,SVP,PacificGyre IT,Ice Tracker,Hwang,Byongjun Hwang
5,2020P181,P109,300534061908610,2020-09-06,2020-09-06 04:26:00,2020-09-06 05:00:54,2021-05-23 23:00:25,0,00:30,,,SVP,PacificGyre IT,Ice Tracker,Hwang,Byongjun Hwang
5,2020P229,P110,300234068027940,2020-08-16,2020-08-16 11:28:00,2020-08-19 12:59:59,2021-05-24 00:00:00,0,01:00,,,SVP,MetOcean Telematics,SVP-I-BXGS-P,Hoppmann; EUMETNET,Mario Hoppmann; Marcel Nicolaus; Julia Regnery; Gilbert Emzivat
5,2020P230,P111,300234068810610,2020-08-17,2020-08-17 07:22:00,2020-08-19 12:59:59,2021-05-24 00:00:00,0,01:00,,,SVP,MetOcean Telematics,SVP-I-BXGS-P,Hoppmann; EUMETNET,Mario Hoppmann; Marcel Nicolaus; Julia Regnery; Gilbert Emzivat
5,2020P231,P112,300234068811610,2020-08-18,2020-08-18 15:00:00,2020-08-19 12:59:59,2021-05-24 00:00:00,0,01:00,,,SVP,MetOcean Telematics,SVP-I-BXGS-P,Hoppmann; EUMETNET,Mario Hoppmann; Marcel Nicolaus; Julia Regnery; Gilbert Emzivat
5,2020P234,P114,300234068814620,2020-08-20,2020-08-20 15:40:00,2020-08-20 17:20:01,2021-05-24 00:00:00,0,01:00,,,SVP,MetOcean Telematics,SVP-I-BXGS-P,Hoppmann; EUMETNET,Mario Hoppmann; Marcel Nicolaus; Julia Regnery; Gilbert Emzivat
5,2020P232,P115,300234068813600,2020-09-12,2020-09-12 06:00:00,2020-09-12 06:59:59,2021-05-24 00:00:00,0,01:00,,,SVP,MetOcean Telematics,SVP-I-BXGS-P,Hoppmann; EUMETNET,Mario Hoppmann; Marcel Nicolaus; Julia Regnery; Gilbert Emzivat
5,2020P233,P117,300234068813870,2020-09-17,2020-09-17 05:15:00,2020-09-17 06:00:00,2021-05-24 00:00:00,0,01:00,,,SVP,MetOcean Telematics,SVP-I-BXGS-P,Hoppmann; EUMETNET,Mario Hoppmann; Marcel Nicolaus; Julia Regnery; Gilbert Emzivat
5,2020P236,P118,300234068816640,2020-09-23,2020-09-23 05:15:00,2020-09-23 06:00:00,2021-05-24 00:00:00,0,01:00,,,SVP,MetOcean Telematics,SVP-I-BXGS-P,Hoppmann; EUMETNET,Mario Hoppmann; Marcel Nicolaus; Julia Regnery; Gilbert Emzivat